"ID","StationName","District","Lat","Long"
"1","U Kaiserdamm (Berlin)","Charlottenburg-Wilmersdorf","52.509971","13.281967"
"2","U Theodor-Heuss-Platz (Berlin)","Charlottenburg-Wilmersdorf","52.509798","13.272977"
"3","S Blankenburg (Berlin)","Pankow","52.591069","13.442972"
"4","S Eichwalde","Treptow-Köpenick","52.372085","13.614966"
"5","S Zeuthen","Treptow-Köpenick","52.349162","13.627045"
"6","S Flughafen Berlin-Schönefeld Bhf","Neukölln","52.391735","13.514318"
"7","U Theodor-Heuss-Platz Süd (Berlin)","Charlottenburg-Wilmersdorf","52.508908","13.272215"
"8","S Westend (Berlin)","Charlottenburg-Wilmersdorf","52.518610","13.284237"
"9","S Karow Bhf (Berlin)","Pankow","52.614502","13.468946"
"10","S+U Westhafen (Berlin)","Mitte","52.536528","13.342727"
"11","S Nikolassee (Berlin)","Steglitz-Zehlendorf","52.431638","13.193618"
"12","S Buckower Chaussee (Berlin)","Tempelhof-Schöneberg","52.410919","13.382689"
"13","S+U Jungfernheide Bhf (Berlin)","Charlottenburg-Wilmersdorf","52.530275","13.299064"
"14","S Beusselstr. (Berlin)","Mitte","52.534314","13.328703"
"15","U Residenzstr. (Berlin)","Reinickendorf","52.570843","13.360635"
"16","U Franz-Neumann-Platz (Berlin)","Mitte","52.563854","13.364283"
"17","S Schönholz (Berlin)","Pankow","52.571855","13.380344"
"18","S Greifswalder Str. (Berlin)","Pankow","52.540426","13.439246"
"19","U Schlesisches Tor (Berlin)","Friedrichshain-Kreuzberg","52.500759","13.441926"
"20","S Landsberger Allee (Berlin)","Pankow","52.528772","13.455944"
"21","S Frohnau (Berlin)","Reinickendorf","52.632958","13.289564"
"22","U Görlitzer Bahnhof (Berlin)","Friedrichshain-Kreuzberg","52.499035","13.428468"
"23","S Karlshorst Bhf (Berlin)","Lichtenberg","52.481038","13.525981"
"24","U Senefelderplatz (Berlin)","Pankow","52.532622","13.412625"
"25","U Lindauer Allee (Berlin)","Reinickendorf","52.575394","13.339047"
"26","U Eberswalder Str. (Berlin)","Pankow","52.541085","13.412160"
"27","S Schöneweide/Sterndamm (Berlin)","Treptow-Köpenick","52.453921","13.509993"
"28","S+U Schönhauser Allee (Berlin)","Pankow","52.549336","13.415138"
"29","S Prenzlauer Allee (Berlin)","Pankow","52.544879","13.427746"
"30","S Storkower Str. (Berlin)","Pankow","52.524195","13.464884"
"31","S Bornholmer Str. (Berlin)","Pankow","52.555032","13.397848"
"32","S+U Berlin Hauptbahnhof (tief)","Mitte","52.525042","13.369386"
"33","S+U Karl-Bonhoeffer-Nervenklinik (Berlin)","Reinickendorf","52.578169","13.332921"
"34","S+U Berlin Hauptbahnhof","Mitte","52.525847","13.368924"
"35","S Wilhelmsruh (Berlin)","Pankow","52.581588","13.363284"
"36","U Eberswalder Str./Pappelallee (Berlin)","Pankow","52.541961","13.413338"
"37","U Grenzallee/Jahnstr. (Berlin)","Neukölln","52.461654","13.445664"
"38","S Attilastr. (Berlin)","Steglitz-Zehlendorf","52.447170","13.360599"
"39","U Kaiserin-Augusta-Str. (Berlin)","Tempelhof-Schöneberg","52.460512","13.384905"
"40","S Lankwitz (Berlin)","Steglitz-Zehlendorf","52.439034","13.342760"
"41","U Blaschkoallee (Berlin)","Neukölln","52.452743","13.448976"
"42","S Südende (Berlin)","Steglitz-Zehlendorf","52.448899","13.354077"
"43","U Grenzallee (Berlin)","Neukölln","52.463516","13.444828"
"44","U Kaulsdorf-Nord (Berlin)","Marzahn-Heissen","52.521436","13.588763"
"45","U Neue Grottkauer Str. (Berlin)","Marzahn-Heissen","52.528240","13.590777"
"46","U Cottbusser Platz (Berlin)","Marzahn-Heissen","52.533963","13.596894"
"47","S Südkreuz Bhf/Ostseite (Berlin)","Tempelhof-Schöneberg","52.474505","13.367183"
"48","S+U Wuhletal (Berlin)","Marzahn-Heissen","52.512537","13.575478"
"49","S Südkreuz Bhf (Berlin)","Tempelhof-Schöneberg","52.475468","13.365579"
"50","S Kaulsdorf (Berlin)","Marzahn-Heissen","52.512122","13.589030"
"51","S Priesterweg (Berlin)","Tempelhof-Schöneberg","52.459239","13.356028"
"52","U Tierpark (Berlin)","Lichtenberg","52.497236","13.523626"
"53","U Hellersdorf (Berlin)","Marzahn-Heissen","52.535946","13.605794"
"54","U Hönow (Berlin)","Marzahn-Heissen","52.538105","13.634541"
"55","U Tempelhof/Ringbahnstr. (Berlin)","Tempelhof-Schöneberg","52.468806","13.385842"
"56","S Nöldnerplatz/Schlichtallee (Berlin)","Lichtenberg","52.502274","13.485141"
"57","S Tiergarten (Berlin)","Mitte","52.514400","13.336469"
"58","U Turmstr. (Berlin)","Mitte","52.525837","13.342401"
"59","S Wollankstr./Sternstr. (Berlin)","Pankow","52.565352","13.391540"
"60","U Hansaplatz (Berlin)","Mitte","52.518111","13.342165"
"61","S+U Hermannstr. (Berlin)","Neukölln","52.467181","13.431704"
"62","S Bellevue (Berlin)","Mitte","52.519764","13.346916"
"63","S+U Yorckstr. S2 S25 U7 (Berlin)","Friedrichshain-Kreuzberg","52.492631","13.371176"
"64","S+U Hermannstr./Silbersteinstr. (Berlin)","Neukölln","52.466432","13.431959"
"65","S Yorckstr. S2 S25 (Berlin)","Friedrichshain-Kreuzberg","52.492341","13.372182"
"66","U Wittenau (Berlin)","Reinickendorf","52.595509","13.333300"
"67","U Rathaus Reinickendorf (Berlin)","Reinickendorf","52.588218","13.325568"
"68","U Boddinstr. (Berlin)","Neukölln","52.479745","13.425782"
"69","U Friedrichsfelde (Berlin)","Lichtenberg","52.505895","13.512791"
"70","U Leinestr. (Berlin)","Neukölln","52.472874","13.428400"
"71","S+U Lichtenberg Bhf/Siegfriedstr. (Berlin)","Lichtenberg","52.512315","13.497750"
"72","S Teltow Stadt","Steglitz-Zehlendorf","52.396706","13.276051"
"73","S Babelsberg","Steglitz-Zehlendorf","52.391372","13.094623"
"74","S+U Lichtenberg Bhf/Gudrunstr. (Berlin)","Lichtenberg","52.512367","13.500065"
"75","S Griebnitzsee Bhf","Steglitz-Zehlendorf","52.393904","13.127372"
"76","U Louis-Lewin-Str. (Berlin)","Marzahn-Heissen","52.539135","13.619707"
"77","S Eichborndamm (Berlin)","Reinickendorf","52.577545","13.315583"
"78","S Schulzendorf (Berlin)","Reinickendorf","52.613347","13.246009"
"79","U Birkenstr. (Berlin)","Mitte","52.532229","13.341417"
"80","S Karlshorst Bhf/Wandlitzstr. (Berlin)","Lichtenberg","52.479568","13.524914"
"81","S Heiligensee (Berlin)","Reinickendorf","52.625027","13.229062"
"82","S Friedenau (Berlin)","Tempelhof-Schöneberg","52.470932","13.341759"
"83","S Hohenzollerndamm (Berlin)","Charlottenburg-Wilmersdorf","52.488314","13.300712"
"84","S Schöneweide (Berlin)","Treptow-Köpenick","52.455045","13.511341"
"85","S Betriebsbahnhof Rummelsburg (Berlin)","Lichtenberg","52.493957","13.497509"
"86","S Oberspree (Berlin)","Treptow-Köpenick","52.452269","13.538461"
"87","S Rummelsburg (Berlin)","Lichtenberg","52.501076","13.478856"
"88","S Sonnenallee (Berlin)","Neukölln","52.473822","13.455998"
"89","S Anhalter Bahnhof (Berlin)","Friedrichshain-Kreuzberg","52.504499","13.382355"
"90","U Kochstr./Checkpoint Charlie (Berlin)","Friedrichshain-Kreuzberg","52.506673","13.390863"
"91","U Magdalenenstr. (Berlin)","Lichtenberg","52.512214","13.489439"
"92","S Sonnenallee/Saalestr. (Berlin)","Neukölln","52.472215","13.454458"
"93","S+U Lichtenberg Bhf (Berlin)","Lichtenberg","52.510528","13.499060"
"94","S Nöldnerplatz (Berlin)","Lichtenberg","52.503444","13.484297"
"95","U Kurfürstenstr. (Berlin)","Mitte","52.499810","13.362814"
"96","S Wannsee Bhf (Berlin)","Steglitz-Zehlendorf","52.421001","13.177955"
"97","S+U Neukölln (Berlin)","Neukölln","52.469298","13.442368"
"98","U Spichernstr. (Berlin)","Charlottenburg-Wilmersdorf","52.496582","13.330613"
"99","U Rohrdamm (Berlin)","Spandau","52.536904","13.262870"
"100","U Mendelssohn-Bartholdy-Park (Berlin)","Friedrichshain-Kreuzberg","52.503806","13.374719"
"101","S Heerstr. (Berlin)","Charlottenburg-Wilmersdorf","52.508273","13.258514"
"102","U Borsigwerke (Berlin)","Reinickendorf","52.582139","13.290122"
"103","U Holzhauser Str. (Berlin)","Reinickendorf","52.576252","13.295083"
"104","U Neu-Westend (Berlin)","Charlottenburg-Wilmersdorf","52.516409","13.259910"
"105","S Biesdorf (Berlin)","Marzahn-Heissen","52.513233","13.556795"
"106","S Friedrichsfelde Ost (Berlin)","Lichtenberg","52.513747","13.520043"
"107","U Kurfürstendamm (Berlin)","Charlottenburg-Wilmersdorf","52.503763","13.331419"
"108","U Biesdorf-Süd (Berlin)","Marzahn-Heissen","52.499517","13.547326"
"109","U Elsterwerdaer Platz (Berlin)","Marzahn-Heissen","52.505969","13.561752"
"110","S Hirschgarten (Berlin)","Treptow-Köpenick","52.457903","13.601480"
"111","S Springpfuhl (Berlin)","Marzahn-Heissen","52.525806","13.536904"
"112","U Augsburger Str. (Berlin)","Tempelhof-Schöneberg","52.500557","13.336771"
"113","S Schlachtensee (Berlin)","Steglitz-Zehlendorf","52.440117","13.216113"
"114","S Friedrichshagen (Berlin)","Treptow-Köpenick","52.457000","13.625458"
"115","S+U Zoologischer Garten Bhf (Berlin)","Charlottenburg-Wilmersdorf","52.506882","13.332927"
"116","S+U Wittenau (Berlin)","Reinickendorf","52.596290","13.334962"
"117","S Wilhelmshagen (Berlin)","Treptow-Köpenick","52.438587","13.722402"
"118","S Rahnsdorf (Berlin)","Treptow-Köpenick","52.451153","13.692441"
"119","S Köpenick (Berlin)","Treptow-Köpenick","52.458459","13.580167"
"120","S Wuhlheide (Berlin)","Treptow-Köpenick","52.469058","13.553527"
"121","U Afrikanische Str. (Berlin)","Mitte","52.560862","13.333502"
"122","U Rehberge (Berlin)","Mitte","52.556670","13.341013"
"123","U Westphalweg (Berlin)","Tempelhof-Schöneberg","52.445801","13.385561"
"124","U Prinzenstr. (Berlin)","Friedrichshain-Kreuzberg","52.498274","13.406531"
"125","S Spindlersfeld (Berlin)","Treptow-Köpenick","52.445938","13.562701"
"126","U Rüdesheimer Platz (Berlin)","Charlottenburg-Wilmersdorf","52.472462","13.314387"
"127","S+U Heidelberger Platz (Berlin)","Charlottenburg-Wilmersdorf","52.479446","13.311843"
"128","S Adlershof (Berlin)","Treptow-Köpenick","52.435356","13.541077"
"129","S Westkreuz (Berlin)","Charlottenburg-Wilmersdorf","52.501152","13.283036"
"130","S Betriebsbahnhof Schöneweide (Berlin)","Treptow-Köpenick","52.446064","13.524859"
"131","S Charlottenburg Bhf (Berlin)","Charlottenburg-Wilmersdorf","52.505152","13.303477"
"132","U Kottbusser Tor (Berlin)","Friedrichshain-Kreuzberg","52.499249","13.418167"
"133","U Moritzplatz (Berlin)","Friedrichshain-Kreuzberg","52.503739","13.410947"
"134","U Adenauerplatz (Berlin)","Charlottenburg-Wilmersdorf","52.500086","13.307348"
"135","U Richard-Wagner-Platz (Berlin)","Charlottenburg-Wilmersdorf","52.517154","13.307221"
"136","U Uhlandstr. (Berlin)","Charlottenburg-Wilmersdorf","52.502742","13.326233"
"137","U Deutsche Oper (Berlin)","Charlottenburg-Wilmersdorf","52.511827","13.309420"
"138","S Mahlow","Tempelhof-Schöneberg","52.360357","13.408472"
"139","U Ruhleben (Berlin)","Charlottenburg-Wilmersdorf","52.525587","13.241902"
"140","U Olympia-Stadion (Berlin)","Charlottenburg-Wilmersdorf","52.517048","13.250500"
"141","S Julius-Leber-Brücke (Berlin)","Tempelhof-Schöneberg","52.486263","13.360775"
"142","U Hermannplatz (Berlin)","Neukölln","52.486673","13.425123"
"143","S Messe Nord/ICC (Berlin)","Charlottenburg-Wilmersdorf","52.506454","13.283043"
"144","S+U Yorckstr. (Berlin)","Friedrichshain-Kreuzberg","52.492809","13.369812"
"145","U Rathaus Neukölln (Berlin)","Neukölln","52.481068","13.435246"
"146","S+U Yorckstr. S1 U7 (Berlin)","Friedrichshain-Kreuzberg","52.492985","13.369317"
"147","S Yorckstr. S1 (Berlin)","Tempelhof-Schöneberg","52.492239","13.367851"
"148","U Hohenzollernplatz (Berlin)","Charlottenburg-Wilmersdorf","52.493833","13.324051"
"149","U Hallesches Tor (Berlin)","Friedrichshain-Kreuzberg","52.497774","13.391760"
"150","U Hermannplatz/Urbanstr. (Berlin)","Neukölln","52.488028","13.424578"
"151","S Köllnische Heide (Berlin)","Neukölln","52.469168","13.467529"
"152","U Karl-Marx-Str. (Berlin)","Neukölln","52.476429","13.439805"
"153","U Hermannplatz/Karl-Marx-Str. (Berlin)","Neukölln","52.486069","13.424500"
"154","S Feuerbachstr. (Berlin)","Steglitz-Zehlendorf","52.463578","13.332412"
"155","U Hermannplatz/Sonnenallee (Berlin)","Neukölln","52.487555","13.426477"
"156","S Fredersdorf","Marzahn-Heissen","52.526461","13.761324"
"157","U Alt-Tegel (Berlin)","Reinickendorf","52.589933","13.283298"
"158","S+U Bundesplatz (Berlin)","Tempelhof-Schöneberg","52.477366","13.329149"
"159","S+U Rathaus Spandau  (Berlin)","Spandau","52.535539","13.199766"
"160","U Berliner Str. (Berlin)","Charlottenburg-Wilmersdorf","52.487047","13.331355"
"161","U Altstadt Spandau (Berlin)","Spandau","52.539161","13.206763"
"162","S+U Alexanderplatz Bhf/Memhardstr. (Berlin)","Mitte","52.523098","13.410964"
"163","S Rathaus Steglitz (Berlin)","Steglitz-Zehlendorf","52.455961","13.322473"
"164","S+U Rathaus Steglitz/Kreisel (Berlin)","Steglitz-Zehlendorf","52.455889","13.320852"
"165","S+U Alexanderplatz Bhf/Gontardstr. (Berlin)","Mitte","52.521063","13.411252"
"166","U Nollendorfplatz (Berlin)","Tempelhof-Schöneberg","52.499644","13.353825"
"167","S+U Brandenburger Tor (Berlin)","Mitte","52.516514","13.380935"
"168","U Wittenbergplatz (Berlin)","Tempelhof-Schöneberg","52.502109","13.342561"
"169","S+U Alexanderplatz Bhf/Dircksenstr. (Berlin)","Mitte","52.521827","13.411233"
"170","U Ernst-Reuter-Platz (Berlin)","Charlottenburg-Wilmersdorf","52.511582","13.322581"
"171","U Rosenthaler Platz (Berlin)","Mitte","52.529781","13.401393"
"172","S Buch (Berlin)","Pankow","52.636178","13.492097"
"173","U Französische Str. (Berlin)","Mitte","52.514771","13.390088"
"174","U Schillingstr. (Berlin)","Mitte","52.520316","13.421895"
"175","U Stadtmitte/Krausenstr. (Berlin)","Mitte","52.509550","13.390807"
"176","U Klosterstr. (Berlin)","Mitte","52.517229","13.412455"
"177","U Rosa-Luxemburg-Platz (Berlin)","Mitte","52.528191","13.410405"
"178","U Paradestr. (Berlin)","Tempelhof-Schöneberg","52.478142","13.386725"
"179","U Platz der Luftbrücke (Berlin)","Tempelhof-Schöneberg","52.484977","13.386351"
"180","S Potsdamer Platz Bhf/Voßstr. (Berlin)","Mitte","52.510147","13.376656"
"181","U Mehringdamm (Berlin)","Friedrichshain-Kreuzberg","52.493575","13.388153"
"182","U Oranienburger Tor (Berlin)","Mitte","52.525671","13.387927"
"183","S+U Potsdamer Platz Bhf (Berlin)","Mitte","52.509164","13.377685"
"184","U Naturkundemuseum (Berlin)","Mitte","52.530672","13.382927"
"185","U Krumme Lanke (Berlin)","Steglitz-Zehlendorf","52.442615","13.240360"
"186","U Oskar-Helene-Heim (Berlin)","Steglitz-Zehlendorf","52.450695","13.269948"
"187","U Mohrenstr. (Berlin)","Mitte","52.511519","13.383798"
"188","U Podbielskiallee (Berlin)","Steglitz-Zehlendorf","52.464172","13.295203"
"189","S Oranienburger Str. (Berlin)","Mitte","52.525161","13.393068"
"190","U Osloer Str. (Berlin)","Mitte","52.556938","13.373284"
"191","U Möckernbrücke (Berlin)","Friedrichshain-Kreuzberg","52.498944","13.383256"
"192","S Wartenberg (Berlin)","Lichtenberg","52.573266","13.504238"
"193","U Heinrich-Heine-Str. (Berlin)","Mitte","52.510858","13.416169"
"194","U Nauener Platz (Berlin)","Mitte","52.551524","13.367365"
"195","U Gleisdreieck (Berlin)","Friedrichshain-Kreuzberg","52.499587","13.374293"
"196","U Spittelmarkt (Berlin)","Mitte","52.511301","13.402352"
"197","U Güntzelstr. (Berlin)","Charlottenburg-Wilmersdorf","52.491992","13.331210"
"198","U Märkisches Museum (Berlin)","Mitte","52.511841","13.409881"
"199","U Pankstr. (Berlin)","Mitte","52.552255","13.381837"
"200","U Hausvogteiplatz (Berlin)","Mitte","52.513361","13.395346"
"201","S Tegel (Berlin)","Reinickendorf","52.588881","13.288328"
"202","S Lichterfelde Süd (Berlin)","Steglitz-Zehlendorf","52.410714","13.309184"
"203","S Hackescher Markt (Berlin)","Mitte","52.522263","13.402554"
"204","S Treptower Park (Berlin)","Treptow-Köpenick","52.492868","13.460249"
"205","S+U Friedrichstr. Bhf (Berlin)","Mitte","52.520134","13.388018"
"206","S+U Jannowitzbrücke (Berlin)","Mitte","52.515500","13.418027"
"207","S+U Alexanderplatz Bhf (Berlin)","Mitte","52.521152","13.412832"
"208","U Dahlem-Dorf (Berlin)","Steglitz-Zehlendorf","52.457695","13.290011"
"209","S+U Alexanderplatz Bhf/Grunerstr. (Berlin)","Mitte","52.520414","13.414429"
"210","U Alexanderplatz (Berlin)","Mitte","52.522128","13.414661"
"211","S Osdorfer Str. (Berlin)","Steglitz-Zehlendorf","52.418126","13.314284"
"212","S Hennigsdorf Bhf","Reinickendorf","52.637856","13.205047"
"213","U Bülowstr. (Berlin)","Tempelhof-Schöneberg","52.497657","13.362452"
"214","U Blissestr./Fechnerstr. (Berlin)","Charlottenburg-Wilmersdorf","52.486328","13.323384"
"215","S Gehrenseestr. (Berlin)","Marzahn-Heissen","52.555736","13.525653"
"216","S Hermsdorf (Berlin)","Reinickendorf","52.617892","13.307859"
"217","U Zitadelle (Berlin)","Spandau","52.537522","13.217625"
"218","S Hohenschönhausen Bhf (Berlin)","Lichtenberg","52.566549","13.513698"
"219","U Sophie-Charlotte-Platz (Berlin)","Charlottenburg-Wilmersdorf","52.510970","13.297463"
"220","U Gneisenaustr. (Berlin)","Friedrichshain-Kreuzberg","52.491252","13.395382"
"221","U Parchimer Allee (Berlin)","Neukölln","52.445344","13.449925"
"222","U Britz-Süd (Berlin)","Neukölln","52.437076","13.447668"
"223","S Bergfelde","Reinickendorf","52.669695","13.321455"
"224","U Märkisches Museum/Inselstr. (Berlin)","Mitte","52.512353","13.412093"
"225","S Schönfließ","Reinickendorf","52.664633","13.338493"
"226","S Grunewald (Berlin)","Charlottenburg-Wilmersdorf","52.488680","13.261944"
"227","S Mühlenbeck-Mönchmühle","Pankow","52.653892","13.387834"
"228","S Stresow (Berlin)","Spandau","52.532481","13.209675"
"229","S Hohen Neuendorf","Reinickendorf","52.669434","13.287224"
"230","S Baumschulenweg (Berlin)","Treptow-Köpenick","52.467581","13.489505"
"231","S Plänterwald (Berlin)","Treptow-Köpenick","52.478830","13.473988"
"232","U Scharnweberstr. (Berlin)","Reinickendorf","52.567111","13.311524"
"233","U Weinmeisterstr./Gipsstr. (Berlin)","Mitte","52.524768","13.403518"
"234","S Savignyplatz (Berlin)","Charlottenburg-Wilmersdorf","52.504971","13.319820"
"235","U Schwartzkopffstr. (Berlin)","Mitte","52.535397","13.377033"
"236","S+U Wittenau (Berlin) U8","Reinickendorf","52.596290","13.334962"
"237","S+U Wittenau (Berlin) Bus","Reinickendorf","52.596290","13.334962"
"238","U Wilmersdorfer Str./Kantstr. (Berlin)","Charlottenburg-Wilmersdorf","52.506641","13.307056"
"239","S Teltow Stadt/Gonfrevillestr.","Steglitz-Zehlendorf","52.397334","13.275275"
"240","U Wilmersdorfer Str. (Berlin)","Charlottenburg-Wilmersdorf","52.505834","13.306885"
"241","S Botanischer Garten (Berlin)","Steglitz-Zehlendorf","52.447552","13.306041"
"242","U Bismarckstr. (Berlin)","Charlottenburg-Wilmersdorf","52.511513","13.305286"
"243","S Lichterfelde West (Berlin)","Steglitz-Zehlendorf","52.443262","13.294839"
"244","U Bayerischer Platz (Berlin)","Tempelhof-Schöneberg","52.488654","13.340237"
"245","U Mohrenstr./Glinkastr. (Berlin)","Mitte","52.511936","13.386610"
"246","U Viktoria-Luise-Platz (Berlin)","Tempelhof-Schöneberg","52.496169","13.343264"
"247","U Onkel Toms Hütte (Berlin)","Steglitz-Zehlendorf","52.450146","13.254016"
"248","U Weinmeisterstr. (Berlin)","Mitte","52.525376","13.405305"
"249","U Leopoldplatz (Berlin)","Mitte","52.546493","13.359395"
"250","S Olympiastadion (Berlin)","Charlottenburg-Wilmersdorf","52.511135","13.241111"
"251","U Amrumer Str. (Berlin)","Mitte","52.542202","13.349534"
"252","S Mexikoplatz (Berlin)","Steglitz-Zehlendorf","52.437166","13.232060"
"253","S+U Wedding (Berlin)","Mitte","52.542732","13.366060"
"254","U Stadtmitte/Leipziger Str. (Berlin)","Mitte","52.510324","13.389918"
"255","U Seestr. (Berlin)","Mitte","52.550470","13.351969"
"256","S Babelsberg/Lutherplatz","Steglitz-Zehlendorf","52.389967","13.089123"
"257","S Babelsberg/Schulstr.","Steglitz-Zehlendorf","52.390250","13.090541"
"258","U Alt-Tempelhof (Berlin)","Tempelhof-Schöneberg","52.465930","13.385796"
"259","S+U Tempelhof (Berlin)","Tempelhof-Schöneberg","52.470694","13.385754"
"260","U Paulsternstr. (Berlin)","Spandau","52.538098","13.248593"
"261","U Haselhorst (Berlin)","Spandau","52.539012","13.231757"
"262","U Reinickendorfer Str./Fennstr. (Berlin)","Mitte","52.541524","13.369412"
"263","U Stadtmitte U6 (Berlin)","Mitte","52.511179","13.389827"
"264","U Stadtmitte U2 (Berlin)","Mitte","52.512169","13.389711"
"265","U Wutzkyallee (Berlin)","Neukölln","52.423152","13.474820"
"266","U Zwickauer Damm (Berlin)","Neukölln","52.423032","13.484371"
"267","S Mahlsdorf (Berlin)","Marzahn-Heissen","52.511961","13.612211"
"268","U Paracelsus-Bad/Aroser Allee (Berlin)","Reinickendorf","52.574002","13.350806"
"269","U Alt-Mariendorf (Berlin)","Tempelhof-Schöneberg","52.439115","13.387881"
"270","S Alt-Reinickendorf (Berlin)","Reinickendorf","52.577969","13.349747"
"271","S+U Pankow/Granitzstr. (Berlin)","Pankow","52.566283","13.413058"
"272","U Paracelsus-Bad (Berlin)","Reinickendorf","52.574534","13.347532"
"273","S Warschauer Str. (Berlin)","Friedrichshain-Kreuzberg","52.507748","13.450992"
"274","U Halemweg (Berlin)","Charlottenburg-Wilmersdorf","52.536703","13.286578"
"275","U Jakob-Kaiser-Platz (Berlin)","Charlottenburg-Wilmersdorf","52.536985","13.293661"
"276","U Samariterstr. (Berlin)","Friedrichshain-Kreuzberg","52.514662","13.465347"
"277","U Friedrich-Wilhelm-Platz (Berlin)","Tempelhof-Schöneberg","52.471439","13.328676"
"278","S Ostbahnhof/Erich-Steinfurth-Str. (Berlin)","Friedrichshain-Kreuzberg","52.510507","13.437045"
"279","U Walther-Schreiber-Platz (Berlin)","Steglitz-Zehlendorf","52.464998","13.328409"
"280","U Frankfurter Tor (Berlin)","Friedrichshain-Kreuzberg","52.515079","13.454180"
"281","S Röntgental","Pankow","52.648785","13.513450"
"282","S Bernau-Friedenstal","Pankow","52.669177","13.564685"
"283","S Zepernick","Pankow","52.659218","13.533143"
"284","S Ahrensfelde Bhf (Berlin)","Marzahn-Heissen","52.570177","13.565729"
"285","S Humboldthain (Berlin)","Mitte","52.544742","13.378726"
"286","S Mehrower Allee (Berlin)","Marzahn-Heissen","52.557816","13.554392"
"287","U Reinickendorfer Str. (Berlin)","Mitte","52.539895","13.370393"
"288","U Blissestr. (Berlin)","Charlottenburg-Wilmersdorf","52.486347","13.321618"
"289","S Poelchaustr. (Berlin)","Marzahn-Heissen","52.534751","13.536008"
"290","U Fehrbelliner Platz (Berlin)","Charlottenburg-Wilmersdorf","52.490201","13.314519"
"291","U Weberwiese (Berlin)","Friedrichshain-Kreuzberg","52.516848","13.443278"
"292","S Raoul-Wallenberg-Str. (Berlin)","Marzahn-Heissen","52.550749","13.548392"
"293","U Breitenbachplatz (Berlin)","Charlottenburg-Wilmersdorf","52.467342","13.309276"
"294","S Marzahn (Berlin)","Marzahn-Heissen","52.542853","13.541922"
"295","U Thielplatz (Berlin)","Steglitz-Zehlendorf","52.451000","13.281651"
"296","U Schloßstr. (Berlin)","Steglitz-Zehlendorf","52.461183","13.324836"
"297","S Grünau (Berlin)","Treptow-Köpenick","52.412881","13.574274"
"298","U Mierendorffplatz (Berlin)","Charlottenburg-Wilmersdorf","52.525978","13.305715"
"299","S+U Rathaus Steglitz (Berlin)","Steglitz-Zehlendorf","52.456598","13.321756"
"300","S Spandau Bhf (Berlin)","Spandau","52.534760","13.197652"
"301","S+U Pankow (Berlin)","Pankow","52.567281","13.412279"
"302","S Pankow-Heinersdorf (Berlin)","Pankow","52.577603","13.429090"
"303","U Rathaus Schöneberg (Berlin)","Tempelhof-Schöneberg","52.483332","13.341989"
"304","U Kleistpark (Berlin)","Tempelhof-Schöneberg","52.490845","13.360917"
"305","S Grünbergallee (Berlin)","Treptow-Köpenick","52.399539","13.543222"
"306","S Wollankstr. (Berlin)","Pankow","52.564974","13.393150"
"307","S Messe Süd (Berlin)","Charlottenburg-Wilmersdorf","52.498771","13.270450"
"308","U Schönleinstr. (Berlin)","Friedrichshain-Kreuzberg","52.493179","13.422241"
"309","S Pichelsberg (Berlin)","Charlottenburg-Wilmersdorf","52.510557","13.226748"
"310","U Südstern (Berlin)","Friedrichshain-Kreuzberg","52.489219","13.407685"
"311","S+U Innsbrucker Platz (Berlin)","Tempelhof-Schöneberg","52.478100","13.342875"
"312","S Schöneberg (Berlin)","Tempelhof-Schöneberg","52.479811","13.352848"
"313","U Ullsteinstr. (Berlin)","Tempelhof-Schöneberg","52.453450","13.384771"
"314","S+U Gesundbrunnen Bhf (Berlin)","Mitte","52.549036","13.388045"
"315","U Eisenacher Str. (Berlin)","Tempelhof-Schöneberg","52.489529","13.350276"
"316","U Elsterwerdaer Platz (Berlin) Busendstelle","Marzahn-Heissen","52.506354","13.560528"
"317","U Theodor-Heuss-Platz West (Berlin)","Charlottenburg-Wilmersdorf","52.510088","13.271071"
"318","U Vinetastr. (Berlin)","Pankow","52.559517","13.413770"
"319","U Elsterwerdaer Platz (Berlin) Bus Köpenicker S.","Marzahn-Heissen","52.505350","13.561671"
"320","U Alt-Tegel (Berlin) Bus","Reinickendorf","52.590395","13.282987"
"321","U Konstanzer Str. (Berlin)","Charlottenburg-Wilmersdorf","52.493567","13.310084"
"322","S Nordbahnhof/Gartenstr. (Berlin)","Mitte","52.533360","13.387492"
"323","S Tegel (Berlin) Bus","Reinickendorf","52.588447","13.288507"
"324","U Lipschitzallee (Berlin)","Neukölln","52.424645","13.463109"
"325","S+U Frankfurter Allee (Berlin)","Lichtenberg","52.513613","13.475300"
"326","U Bernauer Str. (Berlin)","Mitte","52.537994","13.396231"
"327","U Johannisthaler Chaussee (Berlin)","Neukölln","52.429253","13.453851"
"328","S+U Warschauer Str. (Berlin)","Friedrichshain-Kreuzberg","52.505889","13.448721"
"329","U Voltastr. (Berlin)","Mitte","52.541930","13.393157"
"330","S Altglienicke (Berlin)","Treptow-Köpenick","52.407791","13.559602"
"331","S Ostkreuz (Berlin)","Friedrichshain-Kreuzberg","52.502851","13.469093"
"332","S Nordbahnhof (Berlin)","Mitte","52.531870","13.388123"
"333","U Strausberger Platz (Berlin)","Friedrichshain-Kreuzberg","52.518025","13.432208"
"334","S Ostbahnhof (Berlin)","Friedrichshain-Kreuzberg","52.510001","13.435747"
"335","S Halensee (Berlin)","Charlottenburg-Wilmersdorf","52.496698","13.290151"
"336","S Birkenstein","Marzahn-Heissen","52.517079","13.648390"
"337","U Rudow (Berlin)","Neukölln","52.415614","13.496734"
"338","S Erkner Bhf/ZOB","Treptow-Köpenick","52.428945","13.754667"
"339","S Schichauweg (Berlin)","Tempelhof-Schöneberg","52.398383","13.390245"
"340","S Lichtenrade (Berlin)","Tempelhof-Schöneberg","52.387161","13.396796"
"341","S Hoppegarten","Marzahn-Heissen","52.518244","13.672964"
"342","S Neuenhagen","Marzahn-Heissen","52.520821","13.698390"
"343","S Erkner Bhf","Treptow-Köpenick","52.428396","13.752249"
"344","U Otisstr. (Berlin)","Reinickendorf","52.571122","13.303074"
"345","U Kurt-Schumacher-Platz (Berlin)","Reinickendorf","52.563483","13.327328"
"346","S Lichterfelde Ost Bhf (Berlin)","Steglitz-Zehlendorf","52.429105","13.328284"
"347","S Marienfelde (Berlin)","Tempelhof-Schöneberg","52.423816","13.375022"
"348","S Waidmannslust (Berlin)","Reinickendorf","52.606814","13.320549"
"349","U Siemensdamm (Berlin)","Spandau","52.537026","13.273323"
"350","U Bundestag (Berlin)","Mitte","52.519908","13.373454"
"351","S Sundgauer Str. (Berlin)","Steglitz-Zehlendorf","52.436187","13.273501"
"352","S Zehlendorf (Berlin)","Steglitz-Zehlendorf","52.431209","13.259227"
